INSERT INTO [dbo].[Course] ([Course], [CId], [STime], [SCredits], [TeachTime], [Dept], [TId]) VALUES (N'C++       ', N'1         ', N'36        ', N'3         ', N'1-8       ', N'信科        ', N'111       ');
INSERT INTO [dbo].[Course] ([Course], [CId], [STime], [SCredits], [TeachTime], [Dept], [TId]) VALUES (N'DataStr   ', N'2         ', N'72        ', N'2         ', N'1-12      ', N'信科        ', N'777       ');
INSERT INTO [dbo].[Course] ([Course], [CId], [STime], [SCredits], [TeachTime], [Dept], [TId]) VALUES (N'SoftEn    ', N'3         ', N'48        ', N'1         ', N'1-10      ', N'信科        ', N'888       ');
INSERT INTO [dbo].[Course] ([Course], [CId], [STime], [SCredits], [TeachTime], [Dept], [TId]) VALUES (N'Java      ', N'4         ', N'48        ', N'2         ', N'1-8       ', N'信科        ', N'222       ');
INSERT INTO [dbo].[Course] ([Course], [CId], [STime], [SCredits], [TeachTime], [Dept], [TId]) VALUES (N'WebForm   ', N'5         ', N'72        ', N'6         ', N'1-9       ', N'信科        ', N'333       ');
INSERT INTO [dbo].[Course] ([Course], [CId], [STime], [SCredits], [TeachTime], [Dept], [TId]) VALUES (N'Python    ', N'6         ', N'72        ', N'4         ', N'1-8       ', N'信科        ', N'444       ');
INSERT INTO [dbo].[Course] ([Course], [CId], [STime], [SCredits], [TeachTime], [Dept], [TId]) VALUES (N'Finance   ', N'7         ', N'48        ', N'6         ', N'1-8       ', N'经济        ', N'113       ');
INSERT INTO [dbo].[Course] ([Course], [CId], [STime], [SCredits], [TeachTime], [Dept], [TId]) VALUES (N'Philosophy', N'8         ', N'48        ', N'2         ', N'1-8       ', N'经济        ', N'112       ');
INSERT INTO [dbo].[Course] ([Course], [CId], [STime], [SCredits], [TeachTime], [Dept], [TId]) VALUES (N'Applets   ', N'9         ', N'36        ', N'2         ', N'1-10      ', N'信科        ', N'555       ');
INSERT INTO [dbo].[Course] ([Course], [CId], [STime], [SCredits], [TeachTime], [Dept], [TId]) VALUES (N'Electric  ', N'10        ', N'38        ', N'5         ', N'1-12      ', N'信科        ', N'666       ');
INSERT INTO [dbo].[Course] ([Course], [CId], [STime], [SCredits], [TeachTime], [Dept], [TId]) VALUES (N'Frontend  ', N'11        ', N'34        ', N'2         ', N'1-14      ', N'信科        ', N'999       ');
INSERT INTO [dbo].[Course] ([Course], [CId], [STime], [SCredits], [TeachTime], [Dept], [TId]) VALUES (N'Backemd   ', N'12        ', N'36        ', N'1         ', N'4-14      ', N'信科        ', N'222       ');


INSERT INTO [dbo].[Customer] ([pwd], [cId]) VALUES (123, 2019112079);
INSERT INTO [dbo].[Customer] ([pwd], [cId]) VALUES (123, 2019112888);
INSERT INTO [dbo].[Customer] ([pwd], [cId]) VALUES (123, 2019112000);
INSERT INTO [dbo].[Customer] ([pwd], [cId]) VALUES (123, 2019112001);
INSERT INTO [dbo].[Customer] ([pwd], [cId]) VALUES (123, 2019000000);
INSERT INTO [dbo].[Customer] ([pwd], [cId]) VALUES (123, 2019110000);
INSERT INTO [dbo].[Customer] ([pwd], [cId]) VALUES (123, 2019111111);
INSERT INTO [dbo].[Customer] ([pwd], [cId]) VALUES (123, 2019115616);
INSERT INTO [dbo].[Customer] ([pwd], [cId]) VALUES (123, 2019654684);
INSERT INTO [dbo].[Customer] ([pwd], [cId]) VALUES (123, 2019164864);
INSERT INTO [dbo].[Customer] ([pwd], [cId]) VALUES (123, 2019987916);
INSERT INTO [dbo].[Customer] ([pwd], [cId]) VALUES (123, 111);
INSERT INTO [dbo].[Customer] ([pwd], [cId]) VALUES (123, 222);
INSERT INTO [dbo].[Customer] ([pwd], [cId]) VALUES (123, 333);
INSERT INTO [dbo].[Customer] ([pwd], [cId]) VALUES (123, 444);
INSERT INTO [dbo].[Customer] ([pwd], [cId]) VALUES (123, 555);
INSERT INTO [dbo].[Customer] ([pwd], [cId]) VALUES (123, 666);
INSERT INTO [dbo].[Customer] ([pwd], [cId]) VALUES (123, 777);
INSERT INTO [dbo].[Customer] ([pwd], [cId]) VALUES (123, 888);
INSERT INTO [dbo].[Customer] ([pwd], [cId]) VALUES (123, 999);
INSERT INTO [dbo].[Customer] ([pwd], [cId]) VALUES (123, 112);
INSERT INTO [dbo].[Customer] ([pwd], [cId]) VALUES (123, 113);
INSERT INTO [dbo].[Customer] ([pwd], [cId]) VALUES (123, 114);
INSERT INTO [dbo].[Customer] ([pwd], [cId]) VALUES (123, 115);
INSERT INTO [dbo].[Customer] ([pwd], [cId]) VALUES (123, 123456);



INSERT INTO [dbo].[Score] ([SId], [CId], [Score]) VALUES (2019112079, N'1         ', N'60        ');
INSERT INTO [dbo].[Score] ([SId], [CId], [Score]) VALUES (2019112888, N'2         ', N'60        ');
INSERT INTO [dbo].[Score] ([SId], [CId], [Score]) VALUES (2019112000, N'12        ', N'60        ');
INSERT INTO [dbo].[Score] ([SId], [CId], [Score]) VALUES (2019112001, N'8         ', N'60        ');
INSERT INTO [dbo].[Score] ([SId], [CId], [Score]) VALUES (2019000000, N'2         ', N'60        ');
INSERT INTO [dbo].[Score] ([SId], [CId], [Score]) VALUES (2019112079, N'1         ', N'60        ');
INSERT INTO [dbo].[Score] ([SId], [CId], [Score]) VALUES (2019112888, N'2         ', N'60        ');
INSERT INTO [dbo].[Score] ([SId], [CId], [Score]) VALUES (2019112000, N'12        ', N'60        ');
INSERT INTO [dbo].[Score] ([SId], [CId], [Score]) VALUES (2019112001, N'8         ', N'60        ');
INSERT INTO [dbo].[Score] ([SId], [CId], [Score]) VALUES (2019000000, N'2         ', N'60        ');
INSERT INTO [dbo].[Score] ([SId], [CId], [Score]) VALUES (2019110000, N'2         ', N'60        ');
INSERT INTO [dbo].[Score] ([SId], [CId], [Score]) VALUES (2019111111, N'2         ', N'60        ');
INSERT INTO [dbo].[Score] ([SId], [CId], [Score]) VALUES (2019115616, N'11        ', N'60        ');
INSERT INTO [dbo].[Score] ([SId], [CId], [Score]) VALUES (2019164864, N'10        ', N'60        ');
INSERT INTO [dbo].[Score] ([SId], [CId], [Score]) VALUES (2019654684, N'1         ', N'60        ');
INSERT INTO [dbo].[Score] ([SId], [CId], [Score]) VALUES (2019879464, N'1         ', N'60        ');
INSERT INTO [dbo].[Score] ([SId], [CId], [Score]) VALUES (2019987916, N'2         ', N'60        ');
INSERT INTO [dbo].[Score] ([SId], [CId], [Score]) VALUES (2019110000, N'2         ', N'60        ');
INSERT INTO [dbo].[Score] ([SId], [CId], [Score]) VALUES (2019111111, N'2         ', N'60        ');
INSERT INTO [dbo].[Score] ([SId], [CId], [Score]) VALUES (2019115616, N'11        ', N'60        ');
INSERT INTO [dbo].[Score] ([SId], [CId], [Score]) VALUES (2019164864, N'10        ', N'60        ');
INSERT INTO [dbo].[Score] ([SId], [CId], [Score]) VALUES (2019654684, N'1         ', N'60        ');
INSERT INTO [dbo].[Score] ([SId], [CId], [Score]) VALUES (2019879464, N'1         ', N'60        ');
INSERT INTO [dbo].[Score] ([SId], [CId], [Score]) VALUES (2019987916, N'2         ', N'60        ');
INSERT INTO [dbo].[Score] ([SId], [CId], [Score]) VALUES (2019112079, N'1         ', N'60        ');
INSERT INTO [dbo].[Score] ([SId], [CId], [Score]) VALUES (2019112888, N'2         ', N'60        ');
INSERT INTO [dbo].[Score] ([SId], [CId], [Score]) VALUES (2019112000, N'12        ', N'60        ');
INSERT INTO [dbo].[Score] ([SId], [CId], [Score]) VALUES (2019112001, N'8         ', N'60        ');
INSERT INTO [dbo].[Score] ([SId], [CId], [Score]) VALUES (2019000000, N'2         ', N'60        ');
INSERT INTO [dbo].[Score] ([SId], [CId], [Score]) VALUES (2019110000, N'2         ', N'60        ');
INSERT INTO [dbo].[Score] ([SId], [CId], [Score]) VALUES (2019111111, N'2         ', N'60        ');
INSERT INTO [dbo].[Score] ([SId], [CId], [Score]) VALUES (2019115616, N'11        ', N'60        ');
INSERT INTO [dbo].[Score] ([SId], [CId], [Score]) VALUES (2019164864, N'10        ', N'60        ');
INSERT INTO [dbo].[Score] ([SId], [CId], [Score]) VALUES (2019654684, N'1         ', N'60        ');
INSERT INTO [dbo].[Score] ([SId], [CId], [Score]) VALUES (2019879464, N'1         ', N'60        ');
INSERT INTO [dbo].[Score] ([SId], [CId], [Score]) VALUES (2019987916, N'2         ', N'60        ');
INSERT INTO [dbo].[Score] ([SId], [CId], [Score]) VALUES (2019112079, N'1         ', N'60        ');
INSERT INTO [dbo].[Score] ([SId], [CId], [Score]) VALUES (2019112888, N'2         ', N'60        ');
INSERT INTO [dbo].[Score] ([SId], [CId], [Score]) VALUES (2019112000, N'12        ', N'60        ');
INSERT INTO [dbo].[Score] ([SId], [CId], [Score]) VALUES (2019112001, N'8         ', N'60        ');
INSERT INTO [dbo].[Score] ([SId], [CId], [Score]) VALUES (2019000000, N'2         ', N'60        ');
INSERT INTO [dbo].[Score] ([SId], [CId], [Score]) VALUES (2019110000, N'2         ', N'60        ');
INSERT INTO [dbo].[Score] ([SId], [CId], [Score]) VALUES (2019111111, N'2         ', N'60        ');
INSERT INTO [dbo].[Score] ([SId], [CId], [Score]) VALUES (2019115616, N'11        ', N'60        ');
INSERT INTO [dbo].[Score] ([SId], [CId], [Score]) VALUES (2019164864, N'10        ', N'60        ');
INSERT INTO [dbo].[Score] ([SId], [CId], [Score]) VALUES (2019654684, N'1         ', N'60        ');
INSERT INTO [dbo].[Score] ([SId], [CId], [Score]) VALUES (2019879464, N'1         ', N'60        ');
INSERT INTO [dbo].[Score] ([SId], [CId], [Score]) VALUES (2019987916, N'2         ', N'60        ');
INSERT INTO [dbo].[Score] ([SId], [CId], [Score]) VALUES (2019112079, N'1         ', N'60        ');
INSERT INTO [dbo].[Score] ([SId], [CId], [Score]) VALUES (2019112888, N'2         ', N'60        ');
INSERT INTO [dbo].[Score] ([SId], [CId], [Score]) VALUES (2019112000, N'12        ', N'60        ');
INSERT INTO [dbo].[Score] ([SId], [CId], [Score]) VALUES (2019112001, N'8         ', N'60        ');
INSERT INTO [dbo].[Score] ([SId], [CId], [Score]) VALUES (2019000000, N'2         ', N'60        ');
INSERT INTO [dbo].[Score] ([SId], [CId], [Score]) VALUES (2019110000, N'2         ', N'60        ');
INSERT INTO [dbo].[Score] ([SId], [CId], [Score]) VALUES (2019111111, N'2         ', N'60        ');
INSERT INTO [dbo].[Score] ([SId], [CId], [Score]) VALUES (2019115616, N'11        ', N'60        ');
INSERT INTO [dbo].[Score] ([SId], [CId], [Score]) VALUES (2019164864, N'10        ', N'60        ');
INSERT INTO [dbo].[Score] ([SId], [CId], [Score]) VALUES (2019654684, N'1         ', N'60        ');
INSERT INTO [dbo].[Score] ([SId], [CId], [Score]) VALUES (2019879464, N'1         ', N'60        ');
INSERT INTO [dbo].[Score] ([SId], [CId], [Score]) VALUES (2019987916, N'2         ', N'60        ');
INSERT INTO [dbo].[Score] ([SId], [CId], [Score]) VALUES (2019112079, N'1         ', N'60        ');
INSERT INTO [dbo].[Score] ([SId], [CId], [Score]) VALUES (2019112888, N'2         ', N'60        ');
INSERT INTO [dbo].[Score] ([SId], [CId], [Score]) VALUES (2019112000, N'12        ', N'60        ');
INSERT INTO [dbo].[Score] ([SId], [CId], [Score]) VALUES (2019112001, N'8         ', N'60        ');
INSERT INTO [dbo].[Score] ([SId], [CId], [Score]) VALUES (2019000000, N'2         ', N'60        ');
INSERT INTO [dbo].[Score] ([SId], [CId], [Score]) VALUES (2019110000, N'2         ', N'60        ');
INSERT INTO [dbo].[Score] ([SId], [CId], [Score]) VALUES (2019111111, N'2         ', N'60        ');
INSERT INTO [dbo].[Score] ([SId], [CId], [Score]) VALUES (2019115616, N'11        ', N'60        ');
INSERT INTO [dbo].[Score] ([SId], [CId], [Score]) VALUES (2019164864, N'10        ', N'60        ');
INSERT INTO [dbo].[Score] ([SId], [CId], [Score]) VALUES (2019654684, N'1         ', N'60        ');
INSERT INTO [dbo].[Score] ([SId], [CId], [Score]) VALUES (2019879464, N'1         ', N'60        ');
INSERT INTO [dbo].[Score] ([SId], [CId], [Score]) VALUES (2019987916, N'2         ', N'60        ');
INSERT INTO [dbo].[Score] ([SId], [CId], [Score]) VALUES (2019112079, N'1         ', N'60        ');
INSERT INTO [dbo].[Score] ([SId], [CId], [Score]) VALUES (2019112888, N'2         ', N'60        ');
INSERT INTO [dbo].[Score] ([SId], [CId], [Score]) VALUES (2019112000, N'12        ', N'60        ');
INSERT INTO [dbo].[Score] ([SId], [CId], [Score]) VALUES (2019112001, N'8         ', N'60        ');
INSERT INTO [dbo].[Score] ([SId], [CId], [Score]) VALUES (2019000000, N'2         ', N'60        ');
INSERT INTO [dbo].[Score] ([SId], [CId], [Score]) VALUES (2019110000, N'2         ', N'60        ');
INSERT INTO [dbo].[Score] ([SId], [CId], [Score]) VALUES (2019111111, N'2         ', N'60        ');
INSERT INTO [dbo].[Score] ([SId], [CId], [Score]) VALUES (2019115616, N'11        ', N'60        ');
INSERT INTO [dbo].[Score] ([SId], [CId], [Score]) VALUES (2019164864, N'10        ', N'60        ');
INSERT INTO [dbo].[Score] ([SId], [CId], [Score]) VALUES (2019654684, N'1         ', N'60        ');
INSERT INTO [dbo].[Score] ([SId], [CId], [Score]) VALUES (2019879464, N'1         ', N'60        ');
INSERT INTO [dbo].[Score] ([SId], [CId], [Score]) VALUES (2019987916, N'2         ', N'60        ');
INSERT INTO [dbo].[Score] ([SId], [CId], [Score]) VALUES (2019112079, N'1         ', N'60        ');
INSERT INTO [dbo].[Score] ([SId], [CId], [Score]) VALUES (2019112888, N'2         ', N'60        ');
INSERT INTO [dbo].[Score] ([SId], [CId], [Score]) VALUES (2019112000, N'12        ', N'60        ');
INSERT INTO [dbo].[Score] ([SId], [CId], [Score]) VALUES (2019112001, N'8         ', N'60        ');
INSERT INTO [dbo].[Score] ([SId], [CId], [Score]) VALUES (2019000000, N'2         ', N'60        ');
INSERT INTO [dbo].[Score] ([SId], [CId], [Score]) VALUES (2019110000, N'2         ', N'60        ');
INSERT INTO [dbo].[Score] ([SId], [CId], [Score]) VALUES (2019111111, N'2         ', N'60        ');
INSERT INTO [dbo].[Score] ([SId], [CId], [Score]) VALUES (2019115616, N'11        ', N'60        ');
INSERT INTO [dbo].[Score] ([SId], [CId], [Score]) VALUES (2019164864, N'10        ', N'60        ');
INSERT INTO [dbo].[Score] ([SId], [CId], [Score]) VALUES (2019654684, N'1         ', N'60        ');
INSERT INTO [dbo].[Score] ([SId], [CId], [Score]) VALUES (2019879464, N'1         ', N'60        ');
INSERT INTO [dbo].[Score] ([SId], [CId], [Score]) VALUES (2019987916, N'2         ', N'60        ');
INSERT INTO [dbo].[Score] ([SId], [CId], [Score]) VALUES (2019112079, N'1         ', N'60        ');
INSERT INTO [dbo].[Score] ([SId], [CId], [Score]) VALUES (2019112888, N'2         ', N'60        ');
INSERT INTO [dbo].[Score] ([SId], [CId], [Score]) VALUES (2019112000, N'12        ', N'60        ');
INSERT INTO [dbo].[Score] ([SId], [CId], [Score]) VALUES (2019112001, N'8         ', N'60        ');
INSERT INTO [dbo].[Score] ([SId], [CId], [Score]) VALUES (2019000000, N'2         ', N'60        ');
INSERT INTO [dbo].[Score] ([SId], [CId], [Score]) VALUES (2019110000, N'2         ', N'60        ');
INSERT INTO [dbo].[Score] ([SId], [CId], [Score]) VALUES (2019111111, N'2         ', N'60        ');
INSERT INTO [dbo].[Score] ([SId], [CId], [Score]) VALUES (2019115616, N'11        ', N'60        ');
INSERT INTO [dbo].[Score] ([SId], [CId], [Score]) VALUES (2019164864, N'10        ', N'60        ');
INSERT INTO [dbo].[Score] ([SId], [CId], [Score]) VALUES (2019654684, N'1         ', N'60        ');
INSERT INTO [dbo].[Score] ([SId], [CId], [Score]) VALUES (2019879464, N'1         ', N'60        ');
INSERT INTO [dbo].[Score] ([SId], [CId], [Score]) VALUES (2019987916, N'2         ', N'60        ');
INSERT INTO [dbo].[Score] ([SId], [CId], [Score]) VALUES (2019112079, N'1         ', N'60        ');
INSERT INTO [dbo].[Score] ([SId], [CId], [Score]) VALUES (2019112888, N'2         ', N'60        ');
INSERT INTO [dbo].[Score] ([SId], [CId], [Score]) VALUES (2019112000, N'12        ', N'60        ');
INSERT INTO [dbo].[Score] ([SId], [CId], [Score]) VALUES (2019112001, N'8         ', N'60        ');
INSERT INTO [dbo].[Score] ([SId], [CId], [Score]) VALUES (2019000000, N'2         ', N'60        ');
INSERT INTO [dbo].[Score] ([SId], [CId], [Score]) VALUES (2019110000, N'2         ', N'60        ');
INSERT INTO [dbo].[Score] ([SId], [CId], [Score]) VALUES (2019111111, N'2         ', N'60        ');
INSERT INTO [dbo].[Score] ([SId], [CId], [Score]) VALUES (2019115616, N'11        ', N'60        ');
INSERT INTO [dbo].[Score] ([SId], [CId], [Score]) VALUES (2019164864, N'10        ', N'60        ');
INSERT INTO [dbo].[Score] ([SId], [CId], [Score]) VALUES (2019654684, N'1         ', N'60        ');
INSERT INTO [dbo].[Score] ([SId], [CId], [Score]) VALUES (2019879464, N'1         ', N'60        ');
INSERT INTO [dbo].[Score] ([SId], [CId], [Score]) VALUES (2019987916, N'2         ', N'60        ');
INSERT INTO [dbo].[Score] ([SId], [CId], [Score]) VALUES (2019112079, N'1         ', N'60        ');
INSERT INTO [dbo].[Score] ([SId], [CId], [Score]) VALUES (2019112888, N'2         ', N'60        ');
INSERT INTO [dbo].[Score] ([SId], [CId], [Score]) VALUES (2019112000, N'12        ', N'60        ');
INSERT INTO [dbo].[Score] ([SId], [CId], [Score]) VALUES (2019112001, N'8         ', N'60        ');
INSERT INTO [dbo].[Score] ([SId], [CId], [Score]) VALUES (2019000000, N'2         ', N'60        ');
INSERT INTO [dbo].[Score] ([SId], [CId], [Score]) VALUES (2019110000, N'2         ', N'60        ');
INSERT INTO [dbo].[Score] ([SId], [CId], [Score]) VALUES (2019111111, N'2         ', N'60        ');
INSERT INTO [dbo].[Score] ([SId], [CId], [Score]) VALUES (2019115616, N'11        ', N'60        ');
INSERT INTO [dbo].[Score] ([SId], [CId], [Score]) VALUES (2019164864, N'10        ', N'60        ');
INSERT INTO [dbo].[Score] ([SId], [CId], [Score]) VALUES (2019654684, N'1         ', N'60        ');
INSERT INTO [dbo].[Score] ([SId], [CId], [Score]) VALUES (2019879464, N'1         ', N'60        ');
INSERT INTO [dbo].[Score] ([SId], [CId], [Score]) VALUES (2019987916, N'2         ', N'60        ');
INSERT INTO [dbo].[Score] ([SId], [CId], [Score]) VALUES (2019112079, N'1         ', N'60        ');
INSERT INTO [dbo].[Score] ([SId], [CId], [Score]) VALUES (2019112888, N'2         ', N'60        ');
INSERT INTO [dbo].[Score] ([SId], [CId], [Score]) VALUES (2019112000, N'12        ', N'60        ');
INSERT INTO [dbo].[Score] ([SId], [CId], [Score]) VALUES (2019112001, N'8         ', N'60        ');
INSERT INTO [dbo].[Score] ([SId], [CId], [Score]) VALUES (2019000000, N'2         ', N'60        ');
INSERT INTO [dbo].[Score] ([SId], [CId], [Score]) VALUES (2019110000, N'2         ', N'60        ');
INSERT INTO [dbo].[Score] ([SId], [CId], [Score]) VALUES (2019111111, N'2         ', N'60        ');
INSERT INTO [dbo].[Score] ([SId], [CId], [Score]) VALUES (2019115616, N'11        ', N'60        ');
INSERT INTO [dbo].[Score] ([SId], [CId], [Score]) VALUES (2019164864, N'10        ', N'60        ');
INSERT INTO [dbo].[Score] ([SId], [CId], [Score]) VALUES (2019654684, N'1         ', N'60        ');
INSERT INTO [dbo].[Score] ([SId], [CId], [Score]) VALUES (2019879464, N'1         ', N'60        ');
INSERT INTO [dbo].[Score] ([SId], [CId], [Score]) VALUES (2019987916, N'2         ', N'60        ');





INSERT INTO [dbo].[Student] ([SId], [Name], [Dept], [Class]) VALUES (2019112079, N'马锐        ', N'信科        ', N'软件        ');
INSERT INTO [dbo].[Student] ([SId], [Name], [Dept], [Class]) VALUES (2019112888, N'小明        ', N'经济        ', N'政经        ');
INSERT INTO [dbo].[Student] ([SId], [Name], [Dept], [Class]) VALUES (2019112000, N'小何        ', N'信科        ', N'计科        ');
INSERT INTO [dbo].[Student] ([SId], [Name], [Dept], [Class]) VALUES (2019112001, N'小文        ', N'信科        ', N'网工        ');
INSERT INTO [dbo].[Student] ([SId], [Name], [Dept], [Class]) VALUES (2019000000, N'小张        ', N'信科        ', N'计算        ');
INSERT INTO [dbo].[Student] ([SId], [Name], [Dept], [Class]) VALUES (2019112484, N'马瑞        ', N'信科        ', N'软件        ');
INSERT INTO [dbo].[Student] ([SId], [Name], [Dept], [Class]) VALUES (2019112595, N'小牛        ', N'会计        ', N'会计        ');
INSERT INTO [dbo].[Student] ([SId], [Name], [Dept], [Class]) VALUES (2019110000, N'小李        ', N'信科        ', N'计算        ');
INSERT INTO [dbo].[Student] ([SId], [Name], [Dept], [Class]) VALUES (2019111111, N'小马        ', N'信科        ', N'计算        ');
INSERT INTO [dbo].[Student] ([SId], [Name], [Dept], [Class]) VALUES (2019115616, N'小鱼        ', N'信科        ', N'计科        ');
INSERT INTO [dbo].[Student] ([SId], [Name], [Dept], [Class]) VALUES (2019164864, N'小虾        ', N'信科        ', N'计科        ');
INSERT INTO [dbo].[Student] ([SId], [Name], [Dept], [Class]) VALUES (2019654684, N'小陈        ', N'信科        ', N'软件        ');
INSERT INTO [dbo].[Student] ([SId], [Name], [Dept], [Class]) VALUES (2019879464, N'小关        ', N'经济        ', N'软件        ');
INSERT INTO [dbo].[Student] ([SId], [Name], [Dept], [Class]) VALUES (2019987916, N'小伊        ', N'经济        ', N'软件        ');



INSERT INTO [dbo].[Teacher] ([TeacherName], [TId], [Gender], [Dept]) VALUES (N'Dr.A      ', N'111       ', N'女         ', N'信科        ');
INSERT INTO [dbo].[Teacher] ([TeacherName], [TId], [Gender], [Dept]) VALUES (N'Dr.B      ', N'222       ', N'女         ', N'信科        ');
INSERT INTO [dbo].[Teacher] ([TeacherName], [TId], [Gender], [Dept]) VALUES (N'Dr.C      ', N'333       ', N'男         ', N'信科        ');
INSERT INTO [dbo].[Teacher] ([TeacherName], [TId], [Gender], [Dept]) VALUES (N'Dr.E      ', N'444       ', N'男         ', N'信科        ');
INSERT INTO [dbo].[Teacher] ([TeacherName], [TId], [Gender], [Dept]) VALUES (N'Dr.F      ', N'555       ', N'女         ', N'信科        ');
INSERT INTO [dbo].[Teacher] ([TeacherName], [TId], [Gender], [Dept]) VALUES (N'Dr.G      ', N'666       ', N'女         ', N'信科        ');
INSERT INTO [dbo].[Teacher] ([TeacherName], [TId], [Gender], [Dept]) VALUES (N'Dr.H      ', N'777       ', N'女         ', N'信科        ');
INSERT INTO [dbo].[Teacher] ([TeacherName], [TId], [Gender], [Dept]) VALUES (N'Dr.J      ', N'888       ', N'女         ', N'信科        ');
INSERT INTO [dbo].[Teacher] ([TeacherName], [TId], [Gender], [Dept]) VALUES (N'Dr.M      ', N'999       ', N'女         ', N'信科        ');
INSERT INTO [dbo].[Teacher] ([TeacherName], [TId], [Gender], [Dept]) VALUES (N'Dr.N      ', N'112       ', N'男         ', N'经济        ');
INSERT INTO [dbo].[Teacher] ([TeacherName], [TId], [Gender], [Dept]) VALUES (N'Dr.O      ', N'113       ', N'男         ', N'经济        ');
INSERT INTO [dbo].[Teacher] ([TeacherName], [TId], [Gender], [Dept]) VALUES (N'Dr.P      ', N'114       ', N'男         ', N'经济        ');

